阶段,主题编号,主题标签,主题强度,平均主题概率,关键词排名,关键词,词项概率
2011-2015,T01,钻井 / 水力压裂 / 地层 / 水平,0.106498,0.095739,1,钻井,0.03665
2011-2015,T01,钻井 / 水力压裂 / 地层 / 水平,0.106498,0.095739,2,水力压裂,0.016968
2011-2015,T01,钻井 / 水力压裂 / 地层 / 水平,0.106498,0.095739,3,地层,0.012563
2011-2015,T01,钻井 / 水力压裂 / 地层 / 水平,0.106498,0.095739,4,水平,0.012562
2011-2015,T01,钻井 / 水力压裂 / 地层 / 水平,0.106498,0.095739,5,钻井液,0.009992
2011-2015,T01,钻井 / 水力压裂 / 地层 / 水平,0.106498,0.095739,6,井筒,0.00951
2011-2015,T01,钻井 / 水力压裂 / 地层 / 水平,0.106498,0.095739,7,应力,0.00869
2011-2015,T01,钻井 / 水力压裂 / 地层 / 水平,0.106498,0.095739,8,裂缝,0.008602
2011-2015,T01,钻井 / 水力压裂 / 地层 / 水平,0.106498,0.095739,9,套管,0.008003
2011-2015,T01,钻井 / 水力压裂 / 地层 / 水平,0.106498,0.095739,10,井眼,0.007698
2011-2015,T01,钻井 / 水力压裂 / 地层 / 水平,0.106498,0.095739,11,设计,0.007228
2011-2015,T01,钻井 / 水力压裂 / 地层 / 水平,0.106498,0.095739,12,泥浆,0.00548
2011-2015,T02,沉积 / 水合物 / 储层 / 地层,0.052139,0.057465,1,沉积,0.029751
2011-2015,T02,沉积 / 水合物 / 储层 / 地层,0.052139,0.057465,2,水合物,0.025709
2011-2015,T02,沉积 / 水合物 / 储层 / 地层,0.052139,0.057465,3,储层,0.025164
2011-2015,T02,沉积 / 水合物 / 储层 / 地层,0.052139,0.057465,4,地层,0.02246
2011-2015,T02,沉积 / 水合物 / 储层 / 地层,0.052139,0.057465,5,河道,0.019818
2011-2015,T02,沉积 / 水合物 / 储层 / 地层,0.052139,0.057465,6,砂体,0.018675
2011-2015,T02,沉积 / 水合物 / 储层 / 地层,0.052139,0.057465,7,层序,0.016234
2011-2015,T02,沉积 / 水合物 / 储层 / 地层,0.052139,0.057465,8,三角洲,0.015015
2011-2015,T02,沉积 / 水合物 / 储层 / 地层,0.052139,0.057465,9,测井,0.01094
2011-2015,T02,沉积 / 水合物 / 储层 / 地层,0.052139,0.057465,10,地震,0.01045
2011-2015,T02,沉积 / 水合物 / 储层 / 地层,0.052139,0.057465,11,层段,0.010175
2011-2015,T03,油田 / 钻井 / 地层 / 储层,0.139426,0.128841,1,油田,0.019263
2011-2015,T03,油田 / 钻井 / 地层 / 储层,0.139426,0.128841,2,钻井,0.016305
2011-2015,T03,油田 / 钻井 / 地层 / 储层,0.139426,0.128841,3,地层,0.01079
2011-2015,T03,油田 / 钻井 / 地层 / 储层,0.139426,0.128841,4,储层,0.010739
2011-2015,T03,油田 / 钻井 / 地层 / 储层,0.139426,0.128841,5,应用,0.01054
2011-2015,T03,油田 / 钻井 / 地层 / 储层,0.139426,0.128841,6,油藏,0.010294
2011-2015,T03,油田 / 钻井 / 地层 / 储层,0.139426,0.128841,7,提高,0.009878
2011-2015,T03,油田 / 钻井 / 地层 / 储层,0.139426,0.128841,8,效果,0.008295
2011-2015,T03,油田 / 钻井 / 地层 / 储层,0.139426,0.128841,9,影响,0.007922
2011-2015,T03,油田 / 钻井 / 地层 / 储层,0.139426,0.128841,10,测井,0.007823
2011-2015,T03,油田 / 钻井 / 地层 / 储层,0.139426,0.128841,11,水力压裂,0.007755
2011-2015,T03,油田 / 钻井 / 地层 / 储层,0.139426,0.128841,12,水平井,0.007226
2011-2015,T04,地震 / 频率 / 速度 / 模拟,0.076662,0.081396,1,地震,0.034891
2011-2015,T04,地震 / 频率 / 速度 / 模拟,0.076662,0.081396,2,频率,0.013939
2011-2015,T04,地震 / 频率 / 速度 / 模拟,0.076662,0.081396,3,速度,0.013245
2011-2015,T04,地震 / 频率 / 速度 / 模拟,0.076662,0.081396,4,模拟,0.011469
2011-2015,T04,地震 / 频率 / 速度 / 模拟,0.076662,0.081396,5,处理,0.00691
2011-2015,T04,地震 / 频率 / 速度 / 模拟,0.076662,0.081396,6,噪声,0.006442
2011-2015,T04,地震 / 频率 / 速度 / 模拟,0.076662,0.081396,7,反演,0.006374
2011-2015,T04,地震 / 频率 / 速度 / 模拟,0.076662,0.081396,8,算法,0.006286
2011-2015,T04,地震 / 频率 / 速度 / 模拟,0.076662,0.081396,9,振幅,0.005861
2011-2015,T04,地震 / 频率 / 速度 / 模拟,0.076662,0.081396,10,信息,0.005598
2011-2015,T04,地震 / 频率 / 速度 / 模拟,0.076662,0.081396,11,成像,0.005379
2011-2015,T05,储层 / 孔隙 / 地层 / 碳酸盐岩,0.040919,0.044521,1,储层,0.043627
2011-2015,T05,储层 / 孔隙 / 地层 / 碳酸盐岩,0.040919,0.044521,2,孔隙,0.030002
2011-2015,T05,储层 / 孔隙 / 地层 / 碳酸盐岩,0.040919,0.044521,3,地层,0.024283
2011-2015,T05,储层 / 孔隙 / 地层 / 碳酸盐岩,0.040919,0.044521,4,碳酸盐岩,0.021201
2011-2015,T05,储层 / 孔隙 / 地层 / 碳酸盐岩,0.040919,0.044521,5,矿物,0.01848
2011-2015,T05,储层 / 孔隙 / 地层 / 碳酸盐岩,0.040919,0.044521,6,孔隙度,0.015719
2011-2015,T05,储层 / 孔隙 / 地层 / 碳酸盐岩,0.040919,0.044521,7,白云岩,0.014908
2011-2015,T05,储层 / 孔隙 / 地层 / 碳酸盐岩,0.040919,0.044521,8,溶解,0.0149
2011-2015,T05,储层 / 孔隙 / 地层 / 碳酸盐岩,0.040919,0.044521,9,砂岩,0.014302
2011-2015,T05,储层 / 孔隙 / 地层 / 碳酸盐岩,0.040919,0.044521,10,成岩,0.011741
2011-2015,T05,储层 / 孔隙 / 地层 / 碳酸盐岩,0.040919,0.044521,11,黏土,0.010744
2011-2015,T06,储层 / 页岩 / 页岩气 / 勘探,0.048063,0.060882,1,储层,0.045534
2011-2015,T06,储层 / 页岩 / 页岩气 / 勘探,0.048063,0.060882,2,页岩,0.042122
2011-2015,T06,储层 / 页岩 / 页岩气 / 勘探,0.048063,0.060882,3,页岩气,0.023833
2011-2015,T06,储层 / 页岩 / 页岩气 / 勘探,0.048063,0.060882,4,勘探,0.020355
2011-2015,T06,储层 / 页岩 / 页岩气 / 勘探,0.048063,0.060882,5,评价,0.013278
2011-2015,T06,储层 / 页岩 / 页岩气 / 勘探,0.048063,0.060882,6,油田,0.01243
2011-2015,T06,储层 / 页岩 / 页岩气 / 勘探,0.048063,0.060882,7,储量,0.011968
2011-2015,T06,储层 / 页岩 / 页岩气 / 勘探,0.048063,0.060882,8,资源,0.009832
2011-2015,T06,储层 / 页岩 / 页岩气 / 勘探,0.048063,0.060882,9,盆地,0.008924
2011-2015,T06,储层 / 页岩 / 页岩气 / 勘探,0.048063,0.060882,10,区块,0.008866
2011-2015,T07,地层 / 催化剂 / 二氧化碳 / 颗粒,0.164934,0.151027,1,地层,0.017288
2011-2015,T07,地层 / 催化剂 / 二氧化碳 / 颗粒,0.164934,0.151027,2,催化剂,0.013875
2011-2015,T07,地层 / 催化剂 / 二氧化碳 / 颗粒,0.164934,0.151027,3,二氧化碳,0.008078
2011-2015,T07,地层 / 催化剂 / 二氧化碳 / 颗粒,0.164934,0.151027,4,颗粒,0.007351
2011-2015,T07,地层 / 催化剂 / 二氧化碳 / 颗粒,0.164934,0.151027,5,浓度,0.007316
2011-2015,T07,地层 / 催化剂 / 二氧化碳 / 颗粒,0.164934,0.151027,6,产品,0.005559
2011-2015,T07,地层 / 催化剂 / 二氧化碳 / 颗粒,0.164934,0.151027,7,甲烷,0.005103
2011-2015,T07,地层 / 催化剂 / 二氧化碳 / 颗粒,0.164934,0.151027,8,燃烧,0.005092
2011-2015,T07,地层 / 催化剂 / 二氧化碳 / 颗粒,0.164934,0.151027,9,样品,0.004997
2011-2015,T07,地层 / 催化剂 / 二氧化碳 / 颗粒,0.164934,0.151027,10,构造,0.004882
2011-2015,T08,储层 / 渗透率 / 孔隙 / 孔隙度,0.091157,0.091488,1,储层,0.051948
2011-2015,T08,储层 / 渗透率 / 孔隙 / 孔隙度,0.091157,0.091488,2,渗透率,0.035064
2011-2015,T08,储层 / 渗透率 / 孔隙 / 孔隙度,0.091157,0.091488,3,孔隙,0.023196
2011-2015,T08,储层 / 渗透率 / 孔隙 / 孔隙度,0.091157,0.091488,4,孔隙度,0.013023
2011-2015,T08,储层 / 渗透率 / 孔隙 / 孔隙度,0.091157,0.091488,5,饱和度,0.011032
2011-2015,T08,储层 / 渗透率 / 孔隙 / 孔隙度,0.091157,0.091488,6,裂缝,0.008877
2011-2015,T08,储层 / 渗透率 / 孔隙 / 孔隙度,0.091157,0.091488,7,方程,0.007644
2011-2015,T08,储层 / 渗透率 / 孔隙 / 孔隙度,0.091157,0.091488,8,产能,0.007589
2011-2015,T08,储层 / 渗透率 / 孔隙 / 孔隙度,0.091157,0.091488,9,地层,0.00708
2011-2015,T08,储层 / 渗透率 / 孔隙 / 孔隙度,0.091157,0.091488,10,岩心,0.007005
2011-2015,T09,盆地 / 构造 / 断层 / 地层,0.117627,0.109503,1,盆地,0.028724
2011-2015,T09,盆地 / 构造 / 断层 / 地层,0.117627,0.109503,2,构造,0.02674
2011-2015,T09,盆地 / 构造 / 断层 / 地层,0.117627,0.109503,3,断层,0.025899
2011-2015,T09,盆地 / 构造 / 断层 / 地层,0.117627,0.109503,4,地层,0.021532
2011-2015,T09,盆地 / 构造 / 断层 / 地层,0.117627,0.109503,5,成藏,0.015314
2011-2015,T09,盆地 / 构造 / 断层 / 地层,0.117627,0.109503,6,储层,0.01414
2011-2015,T09,盆地 / 构造 / 断层 / 地层,0.117627,0.109503,7,区带,0.009021
2011-2015,T09,盆地 / 构造 / 断层 / 地层,0.117627,0.109503,8,凹陷,0.008597
2011-2015,T09,盆地 / 构造 / 断层 / 地层,0.117627,0.109503,9,运移,0.007558
2011-2015,T09,盆地 / 构造 / 断层 / 地层,0.117627,0.109503,10,勘探,0.006662
2011-2015,T10,装置 / 催化剂 / 汽油 / 产品,0.050948,0.056487,1,装置,0.016072
2011-2015,T10,装置 / 催化剂 / 汽油 / 产品,0.050948,0.056487,2,催化剂,0.015882
2011-2015,T10,装置 / 催化剂 / 汽油 / 产品,0.050948,0.056487,3,汽油,0.012994
2011-2015,T10,装置 / 催化剂 / 汽油 / 产品,0.050948,0.056487,4,产品,0.01235
2011-2015,T10,装置 / 催化剂 / 汽油 / 产品,0.050948,0.056487,5,柴油,0.012311
2011-2015,T10,装置 / 催化剂 / 汽油 / 产品,0.050948,0.056487,6,炼油,0.011201
2011-2015,T10,装置 / 催化剂 / 汽油 / 产品,0.050948,0.056487,7,催化裂化,0.010429
2011-2015,T10,装置 / 催化剂 / 汽油 / 产品,0.050948,0.056487,8,收率,0.009433
2011-2015,T10,装置 / 催化剂 / 汽油 / 产品,0.050948,0.056487,9,成本,0.007194
2011-2015,T10,装置 / 催化剂 / 汽油 / 产品,0.050948,0.056487,10,稠油,0.006344
2011-2015,T10,装置 / 催化剂 / 汽油 / 产品,0.050948,0.056487,11,消耗,0.00633
2011-2015,T10,装置 / 催化剂 / 汽油 / 产品,0.050948,0.056487,12,设计,0.006028
2011-2015,T11,注入 / 驱替 / 采收率 / 聚合物,0.078723,0.079651,1,注入,0.032463
2011-2015,T11,注入 / 驱替 / 采收率 / 聚合物,0.078723,0.079651,2,驱替,0.028156
2011-2015,T11,注入 / 驱替 / 采收率 / 聚合物,0.078723,0.079651,3,采收率,0.021875
2011-2015,T11,注入 / 驱替 / 采收率 / 聚合物,0.078723,0.079651,4,聚合物,0.020961
2011-2015,T11,注入 / 驱替 / 采收率 / 聚合物,0.078723,0.079651,5,黏度,0.016659
2011-2015,T11,注入 / 驱替 / 采收率 / 聚合物,0.078723,0.079651,6,储层,0.016539
2011-2015,T11,注入 / 驱替 / 采收率 / 聚合物,0.078723,0.079651,7,二氧化碳,0.015767
2011-2015,T11,注入 / 驱替 / 采收率 / 聚合物,0.078723,0.079651,8,表面活性剂,0.012214
2011-2015,T11,注入 / 驱替 / 采收率 / 聚合物,0.078723,0.079651,9,蒸汽,0.010899
2011-2015,T11,注入 / 驱替 / 采收率 / 聚合物,0.078723,0.079651,10,渗透率,0.010449
2011-2015,T11,注入 / 驱替 / 采收率 / 聚合物,0.078723,0.079651,11,泡沫,0.010429
2011-2015,T12,裂缝 / 储层 / 砂体 / 预测,0.032904,0.042999,1,裂缝,0.100117
2011-2015,T12,裂缝 / 储层 / 砂体 / 预测,0.032904,0.042999,2,储层,0.081244
2011-2015,T12,裂缝 / 储层 / 砂体 / 预测,0.032904,0.042999,3,砂体,0.022154
2011-2015,T12,裂缝 / 储层 / 砂体 / 预测,0.032904,0.042999,4,预测,0.018258
2011-2015,T12,裂缝 / 储层 / 砂体 / 预测,0.032904,0.042999,5,地震,0.015665
2011-2015,T12,裂缝 / 储层 / 砂体 / 预测,0.032904,0.042999,6,测井,0.015278
2011-2015,T12,裂缝 / 储层 / 砂体 / 预测,0.032904,0.042999,7,碳酸盐岩,0.012426
2011-2015,T12,裂缝 / 储层 / 砂体 / 预测,0.032904,0.042999,8,反演,0.012011
2011-2015,T12,裂缝 / 储层 / 砂体 / 预测,0.032904,0.042999,9,水泥,0.010199
2016-2020,T01,孔隙 / 二氧化碳 / 储层 / 页岩,0.084684,0.087802,1,孔隙,0.058397
2016-2020,T01,孔隙 / 二氧化碳 / 储层 / 页岩,0.084684,0.087802,2,二氧化碳,0.026391
2016-2020,T01,孔隙 / 二氧化碳 / 储层 / 页岩,0.084684,0.087802,3,储层,0.018284
2016-2020,T01,孔隙 / 二氧化碳 / 储层 / 页岩,0.084684,0.087802,4,页岩,0.01813
2016-2020,T01,孔隙 / 二氧化碳 / 储层 / 页岩,0.084684,0.087802,5,渗透率,0.018043
2016-2020,T01,孔隙 / 二氧化碳 / 储层 / 页岩,0.084684,0.087802,6,吸附,0.017565
2016-2020,T01,孔隙 / 二氧化碳 / 储层 / 页岩,0.084684,0.087802,7,孔隙度,0.015375
2016-2020,T01,孔隙 / 二氧化碳 / 储层 / 页岩,0.084684,0.087802,8,样品,0.013154
2016-2020,T01,孔隙 / 二氧化碳 / 储层 / 页岩,0.084684,0.087802,9,甲烷,0.010869
2016-2020,T01,孔隙 / 二氧化碳 / 储层 / 页岩,0.084684,0.087802,10,矿物,0.009709
2016-2020,T01,孔隙 / 二氧化碳 / 储层 / 页岩,0.084684,0.087802,11,岩心,0.00806
2016-2020,T02,裂缝 / 地震 / 应力 / 速度,0.119285,0.121183,1,裂缝,0.034833
2016-2020,T02,裂缝 / 地震 / 应力 / 速度,0.119285,0.121183,2,地震,0.015559
2016-2020,T02,裂缝 / 地震 / 应力 / 速度,0.119285,0.121183,3,应力,0.011603
2016-2020,T02,裂缝 / 地震 / 应力 / 速度,0.119285,0.121183,4,速度,0.007894
2016-2020,T02,裂缝 / 地震 / 应力 / 速度,0.119285,0.121183,5,频率,0.007793
2016-2020,T02,裂缝 / 地震 / 应力 / 速度,0.119285,0.121183,6,反演,0.007075
2016-2020,T02,裂缝 / 地震 / 应力 / 速度,0.119285,0.121183,7,水力压裂,0.006592
2016-2020,T02,裂缝 / 地震 / 应力 / 速度,0.119285,0.121183,8,储层,0.006021
2016-2020,T02,裂缝 / 地震 / 应力 / 速度,0.119285,0.121183,9,预测,0.00508
2016-2020,T02,裂缝 / 地震 / 应力 / 速度,0.119285,0.121183,10,水力,0.00432
2016-2020,T02,裂缝 / 地震 / 应力 / 速度,0.119285,0.121183,11,构造,0.004112
2016-2020,T03,催化剂 / 产品 / 构造 / 催化,0.202826,0.183589,1,催化剂,0.021772
2016-2020,T03,催化剂 / 产品 / 构造 / 催化,0.202826,0.183589,2,产品,0.007954
2016-2020,T03,催化剂 / 产品 / 构造 / 催化,0.202826,0.183589,3,构造,0.00764
2016-2020,T03,催化剂 / 产品 / 构造 / 催化,0.202826,0.183589,4,催化,0.007146
2016-2020,T03,催化剂 / 产品 / 构造 / 催化,0.202826,0.183589,5,二氧化碳,0.006477
2016-2020,T03,催化剂 / 产品 / 构造 / 催化,0.202826,0.183589,6,收率,0.006094
2016-2020,T03,催化剂 / 产品 / 构造 / 催化,0.202826,0.183589,7,转化,0.005856
2016-2020,T03,催化剂 / 产品 / 构造 / 催化,0.202826,0.183589,8,金属,0.005738
2016-2020,T03,催化剂 / 产品 / 构造 / 催化,0.202826,0.183589,9,活性,0.005735
2016-2020,T03,催化剂 / 产品 / 构造 / 催化,0.202826,0.183589,10,热解,0.005085
2016-2020,T03,催化剂 / 产品 / 构造 / 催化,0.202826,0.183589,11,氧化,0.005064
2016-2020,T03,催化剂 / 产品 / 构造 / 催化,0.202826,0.183589,12,选择性,0.004512
2016-2020,T04,页岩 / 有机质 / 盆地 / 样品,0.058049,0.061362,1,页岩,0.042439
2016-2020,T04,页岩 / 有机质 / 盆地 / 样品,0.058049,0.061362,2,有机质,0.016588
2016-2020,T04,页岩 / 有机质 / 盆地 / 样品,0.058049,0.061362,3,盆地,0.014331
2016-2020,T04,页岩 / 有机质 / 盆地 / 样品,0.058049,0.061362,4,样品,0.012875
2016-2020,T04,页岩 / 有机质 / 盆地 / 样品,0.058049,0.061362,5,成熟度,0.012068
2016-2020,T04,页岩 / 有机质 / 盆地 / 样品,0.058049,0.061362,6,总有机碳,0.011123
2016-2020,T04,页岩 / 有机质 / 盆地 / 样品,0.058049,0.061362,7,热采,0.010221
2016-2020,T04,页岩 / 有机质 / 盆地 / 样品,0.058049,0.061362,8,生成,0.010174
2016-2020,T04,页岩 / 有机质 / 盆地 / 样品,0.058049,0.061362,9,干酪根,0.009749
2016-2020,T04,页岩 / 有机质 / 盆地 / 样品,0.058049,0.061362,10,富集,0.008183
2016-2020,T04,页岩 / 有机质 / 盆地 / 样品,0.058049,0.061362,11,页岩油,0.008072
2016-2020,T05,水合物 / 甲烷 / 沥青质 / 液相,0.1383,0.133533,1,水合物,0.020867
2016-2020,T05,水合物 / 甲烷 / 沥青质 / 液相,0.1383,0.133533,2,甲烷,0.006988
2016-2020,T05,水合物 / 甲烷 / 沥青质 / 液相,0.1383,0.133533,3,沥青质,0.006897
2016-2020,T05,水合物 / 甲烷 / 沥青质 / 液相,0.1383,0.133533,4,液相,0.006712
2016-2020,T05,水合物 / 甲烷 / 沥青质 / 液相,0.1383,0.133533,5,燃烧,0.005284
2016-2020,T05,水合物 / 甲烷 / 沥青质 / 液相,0.1383,0.133533,6,二氧化碳,0.005098
2016-2020,T05,水合物 / 甲烷 / 沥青质 / 液相,0.1383,0.133533,7,柴油,0.004712
2016-2020,T05,水合物 / 甲烷 / 沥青质 / 液相,0.1383,0.133533,8,模拟,0.00464
2016-2020,T05,水合物 / 甲烷 / 沥青质 / 液相,0.1383,0.133533,9,产品,0.004464
2016-2020,T05,水合物 / 甲烷 / 沥青质 / 液相,0.1383,0.133533,10,浓度,0.004166
2016-2020,T05,水合物 / 甲烷 / 沥青质 / 液相,0.1383,0.133533,11,反应器,0.004117
2016-2020,T06,储层 / 注入 / 钻井 / 渗透率,0.123961,0.122459,1,储层,0.041544
2016-2020,T06,储层 / 注入 / 钻井 / 渗透率,0.123961,0.122459,2,注入,0.017014
2016-2020,T06,储层 / 注入 / 钻井 / 渗透率,0.123961,0.122459,3,钻井,0.011719
2016-2020,T06,储层 / 注入 / 钻井 / 渗透率,0.123961,0.122459,4,渗透率,0.011323
2016-2020,T06,储层 / 注入 / 钻井 / 渗透率,0.123961,0.122459,5,驱替,0.010658
2016-2020,T06,储层 / 注入 / 钻井 / 渗透率,0.123961,0.122459,6,采收率,0.008591
2016-2020,T06,储层 / 注入 / 钻井 / 渗透率,0.123961,0.122459,7,水平,0.007531
2016-2020,T06,储层 / 注入 / 钻井 / 渗透率,0.123961,0.122459,8,油田,0.007496
2016-2020,T06,储层 / 注入 / 钻井 / 渗透率,0.123961,0.122459,9,水力压裂,0.007428
2016-2020,T06,储层 / 注入 / 钻井 / 渗透率,0.123961,0.122459,10,页岩气,0.006631
2016-2020,T06,储层 / 注入 / 钻井 / 渗透率,0.123961,0.122459,11,蒸汽,0.006046
2016-2020,T06,储层 / 注入 / 钻井 / 渗透率,0.123961,0.122459,12,评价,0.005909
2016-2020,T07,盆地 / 断层 / 构造 / 区带,0.084026,0.086507,1,盆地,0.029156
2016-2020,T07,盆地 / 断层 / 构造 / 区带,0.084026,0.086507,2,断层,0.028696
2016-2020,T07,盆地 / 断层 / 构造 / 区带,0.084026,0.086507,3,构造,0.023972
2016-2020,T07,盆地 / 断层 / 构造 / 区带,0.084026,0.086507,4,区带,0.01194
2016-2020,T07,盆地 / 断层 / 构造 / 区带,0.084026,0.086507,5,储层,0.011084
2016-2020,T07,盆地 / 断层 / 构造 / 区带,0.084026,0.086507,6,成藏,0.010055
2016-2020,T07,盆地 / 断层 / 构造 / 区带,0.084026,0.086507,7,勘探,0.007803
2016-2020,T07,盆地 / 断层 / 构造 / 区带,0.084026,0.086507,8,地震,0.006836
2016-2020,T07,盆地 / 断层 / 构造 / 区带,0.084026,0.086507,9,运移,0.006489
2016-2020,T07,盆地 / 断层 / 构造 / 区带,0.084026,0.086507,10,演化,0.006243
2016-2020,T08,储层 / 沉积 / 砂岩 / 砂体,0.074952,0.078754,1,储层,0.05315
2016-2020,T08,储层 / 沉积 / 砂岩 / 砂体,0.074952,0.078754,2,沉积,0.018847
2016-2020,T08,储层 / 沉积 / 砂岩 / 砂体,0.074952,0.078754,3,砂岩,0.014169
2016-2020,T08,储层 / 沉积 / 砂岩 / 砂体,0.074952,0.078754,4,砂体,0.013101
2016-2020,T08,储层 / 沉积 / 砂岩 / 砂体,0.074952,0.078754,5,河道,0.012417
2016-2020,T08,储层 / 沉积 / 砂岩 / 砂体,0.074952,0.078754,6,测井,0.010008
2016-2020,T08,储层 / 沉积 / 砂岩 / 砂体,0.074952,0.078754,7,盆地,0.009467
2016-2020,T08,储层 / 沉积 / 砂岩 / 砂体,0.074952,0.078754,8,碳酸盐岩,0.008227
2016-2020,T08,储层 / 沉积 / 砂岩 / 砂体,0.074952,0.078754,9,层序,0.008222
2016-2020,T08,储层 / 沉积 / 砂岩 / 砂体,0.074952,0.078754,10,层段,0.007934
2016-2020,T09,颗粒 / 灰分 / 燃烧 / 三角洲,0.032731,0.042269,1,颗粒,0.016542
2016-2020,T09,颗粒 / 灰分 / 燃烧 / 三角洲,0.032731,0.042269,2,灰分,0.015666
2016-2020,T09,颗粒 / 灰分 / 燃烧 / 三角洲,0.032731,0.042269,3,燃烧,0.011538
2016-2020,T09,颗粒 / 灰分 / 燃烧 / 三角洲,0.032731,0.042269,4,三角洲,0.011434
2016-2020,T09,颗粒 / 灰分 / 燃烧 / 三角洲,0.032731,0.042269,5,白云岩,0.01024
2016-2020,T09,颗粒 / 灰分 / 燃烧 / 三角洲,0.032731,0.042269,6,钙,0.010098
2016-2020,T09,颗粒 / 灰分 / 燃烧 / 三角洲,0.032731,0.042269,7,气化,0.008241
2016-2020,T09,颗粒 / 灰分 / 燃烧 / 三角洲,0.032731,0.042269,8,样品,0.007738
2016-2020,T09,颗粒 / 灰分 / 燃烧 / 三角洲,0.032731,0.042269,9,炭,0.007685
2016-2020,T09,颗粒 / 灰分 / 燃烧 / 三角洲,0.032731,0.042269,10,矿物,0.007528
2016-2020,T09,颗粒 / 灰分 / 燃烧 / 三角洲,0.032731,0.042269,11,组成,0.006738
2016-2020,T10,表面活性剂 / 聚合物 / 黏度 / 浓度,0.081186,0.082543,1,表面活性剂,0.016292
2016-2020,T10,表面活性剂 / 聚合物 / 黏度 / 浓度,0.081186,0.082543,2,聚合物,0.015562
2016-2020,T10,表面活性剂 / 聚合物 / 黏度 / 浓度,0.081186,0.082543,3,黏度,0.014808
2016-2020,T10,表面活性剂 / 聚合物 / 黏度 / 浓度,0.081186,0.082543,4,浓度,0.010999
2016-2020,T10,表面活性剂 / 聚合物 / 黏度 / 浓度,0.081186,0.082543,5,采收率,0.010429
2016-2020,T10,表面活性剂 / 聚合物 / 黏度 / 浓度,0.081186,0.082543,6,凝胶,0.008754
2016-2020,T10,表面活性剂 / 聚合物 / 黏度 / 浓度,0.081186,0.082543,7,泡沫,0.007977
2016-2020,T10,表面活性剂 / 聚合物 / 黏度 / 浓度,0.081186,0.082543,8,驱替,0.007942
2016-2020,T10,表面活性剂 / 聚合物 / 黏度 / 浓度,0.081186,0.082543,9,界面,0.007542
2016-2020,T10,表面活性剂 / 聚合物 / 黏度 / 浓度,0.081186,0.082543,10,稳定性,0.007261
2016-2020,T10,表面活性剂 / 聚合物 / 黏度 / 浓度,0.081186,0.082543,11,提高采收率,0.006318
2016-2020,T10,表面活性剂 / 聚合物 / 黏度 / 浓度,0.081186,0.082543,12,水力压裂,0.00568
2021-2025,T01,构造 / 离子 / 材料 / 稳定性,0.142326,0.131341,1,构造,0.009103
2021-2025,T01,构造 / 离子 / 材料 / 稳定性,0.142326,0.131341,2,离子,0.007821
2021-2025,T01,构造 / 离子 / 材料 / 稳定性,0.142326,0.131341,3,材料,0.00731
2021-2025,T01,构造 / 离子 / 材料 / 稳定性,0.142326,0.131341,4,稳定性,0.006465
2021-2025,T01,构造 / 离子 / 材料 / 稳定性,0.142326,0.131341,5,复合材料,0.005868
2021-2025,T01,构造 / 离子 / 材料 / 稳定性,0.142326,0.131341,6,电解质,0.005805
2021-2025,T01,构造 / 离子 / 材料 / 稳定性,0.142326,0.131341,7,策略,0.00519
2021-2025,T01,构造 / 离子 / 材料 / 稳定性,0.142326,0.131341,8,密度,0.004825
2021-2025,T01,构造 / 离子 / 材料 / 稳定性,0.142326,0.131341,9,聚合物,0.004722
2021-2025,T01,构造 / 离子 / 材料 / 稳定性,0.142326,0.131341,10,电池,0.004661
2021-2025,T01,构造 / 离子 / 材料 / 稳定性,0.142326,0.131341,11,水凝胶,0.004481
2021-2025,T02,孔隙 / 页岩 / 储层 / 渗透率,0.087273,0.089578,1,孔隙,0.046929
2021-2025,T02,孔隙 / 页岩 / 储层 / 渗透率,0.087273,0.089578,2,页岩,0.030012
2021-2025,T02,孔隙 / 页岩 / 储层 / 渗透率,0.087273,0.089578,3,储层,0.021204
2021-2025,T02,孔隙 / 页岩 / 储层 / 渗透率,0.087273,0.089578,4,渗透率,0.020153
2021-2025,T02,孔隙 / 页岩 / 储层 / 渗透率,0.087273,0.089578,5,裂缝,0.017311
2021-2025,T02,孔隙 / 页岩 / 储层 / 渗透率,0.087273,0.089578,6,样品,0.013142
2021-2025,T02,孔隙 / 页岩 / 储层 / 渗透率,0.087273,0.089578,7,吸附,0.012775
2021-2025,T02,孔隙 / 页岩 / 储层 / 渗透率,0.087273,0.089578,8,孔隙度,0.011453
2021-2025,T02,孔隙 / 页岩 / 储层 / 渗透率,0.087273,0.089578,9,矿物,0.010314
2021-2025,T02,孔隙 / 页岩 / 储层 / 渗透率,0.087273,0.089578,10,构造,0.0087
2021-2025,T03,吸附 / 官能团 / 构造 / 降解,0.07491,0.083485,1,吸附,0.014408
2021-2025,T03,吸附 / 官能团 / 构造 / 降解,0.07491,0.083485,2,官能团,0.013184
2021-2025,T03,吸附 / 官能团 / 构造 / 降解,0.07491,0.083485,3,构造,0.012308
2021-2025,T03,吸附 / 官能团 / 构造 / 降解,0.07491,0.083485,4,降解,0.008953
2021-2025,T03,吸附 / 官能团 / 构造 / 降解,0.07491,0.083485,5,去除,0.008821
2021-2025,T03,吸附 / 官能团 / 构造 / 降解,0.07491,0.083485,6,分子,0.008019
2021-2025,T03,吸附 / 官能团 / 构造 / 降解,0.07491,0.083485,7,氧化,0.007034
2021-2025,T03,吸附 / 官能团 / 构造 / 降解,0.07491,0.083485,8,光谱,0.006481
2021-2025,T03,吸附 / 官能团 / 构造 / 降解,0.07491,0.083485,9,电子,0.006167
2021-2025,T03,吸附 / 官能团 / 构造 / 降解,0.07491,0.083485,10,芳香族,0.005517
2021-2025,T04,燃烧 / 氨 / 火焰 / 颗粒,0.047207,0.050627,1,燃烧,0.02962
2021-2025,T04,燃烧 / 氨 / 火焰 / 颗粒,0.047207,0.050627,2,氨,0.016284
2021-2025,T04,燃烧 / 氨 / 火焰 / 颗粒,0.047207,0.050627,3,火焰,0.015915
2021-2025,T04,燃烧 / 氨 / 火焰 / 颗粒,0.047207,0.050627,4,颗粒,0.013819
2021-2025,T04,燃烧 / 氨 / 火焰 / 颗粒,0.047207,0.050627,5,烟炱,0.011786
2021-2025,T04,燃烧 / 氨 / 火焰 / 颗粒,0.047207,0.050627,6,空气,0.010171
2021-2025,T04,燃烧 / 氨 / 火焰 / 颗粒,0.047207,0.050627,7,排放,0.009982
2021-2025,T04,燃烧 / 氨 / 火焰 / 颗粒,0.047207,0.050627,8,氮氧化物,0.00882
2021-2025,T04,燃烧 / 氨 / 火焰 / 颗粒,0.047207,0.050627,9,浓度,0.007616
2021-2025,T05,盆地 / 储层 / 断层 / 构造,0.100275,0.096686,1,盆地,0.020754
2021-2025,T05,盆地 / 储层 / 断层 / 构造,0.100275,0.096686,2,储层,0.013787
2021-2025,T05,盆地 / 储层 / 断层 / 构造,0.100275,0.096686,3,断层,0.013378
2021-2025,T05,盆地 / 储层 / 断层 / 构造,0.100275,0.096686,4,构造,0.011789
2021-2025,T05,盆地 / 储层 / 断层 / 构造,0.100275,0.096686,5,沉积,0.009695
2021-2025,T05,盆地 / 储层 / 断层 / 构造,0.100275,0.096686,6,碳酸盐岩,0.007031
2021-2025,T05,盆地 / 储层 / 断层 / 构造,0.100275,0.096686,7,区带,0.00695
2021-2025,T05,盆地 / 储层 / 断层 / 构造,0.100275,0.096686,8,勘探,0.005025
2021-2025,T05,盆地 / 储层 / 断层 / 构造,0.100275,0.096686,9,成藏,0.004846
2021-2025,T05,盆地 / 储层 / 断层 / 构造,0.100275,0.096686,10,三角洲,0.004626
2021-2025,T06,钻井 / 裂缝 / 水力压裂 / 应力,0.072412,0.074297,1,钻井,0.019391
2021-2025,T06,钻井 / 裂缝 / 水力压裂 / 应力,0.072412,0.074297,2,裂缝,0.017949
2021-2025,T06,钻井 / 裂缝 / 水力压裂 / 应力,0.072412,0.074297,3,水力压裂,0.013691
2021-2025,T06,钻井 / 裂缝 / 水力压裂 / 应力,0.072412,0.074297,4,应力,0.010122
2021-2025,T06,钻井 / 裂缝 / 水力压裂 / 应力,0.072412,0.074297,5,颗粒,0.009461
2021-2025,T06,钻井 / 裂缝 / 水力压裂 / 应力,0.072412,0.074297,6,井筒,0.008792
2021-2025,T06,钻井 / 裂缝 / 水力压裂 / 应力,0.072412,0.074297,7,强度,0.007634
2021-2025,T06,钻井 / 裂缝 / 水力压裂 / 应力,0.072412,0.074297,8,液相,0.006369
2021-2025,T06,钻井 / 裂缝 / 水力压裂 / 应力,0.072412,0.074297,9,损害,0.006308
2021-2025,T06,钻井 / 裂缝 / 水力压裂 / 应力,0.072412,0.074297,10,封堵,0.005955
2021-2025,T07,储层 / 地震 / 模拟 / 裂缝,0.129324,0.129319,1,储层,0.020551
2021-2025,T07,储层 / 地震 / 模拟 / 裂缝,0.129324,0.129319,2,地震,0.009147
2021-2025,T07,储层 / 地震 / 模拟 / 裂缝,0.129324,0.129319,3,模拟,0.008861
2021-2025,T07,储层 / 地震 / 模拟 / 裂缝,0.129324,0.129319,4,裂缝,0.008328
2021-2025,T07,储层 / 地震 / 模拟 / 裂缝,0.129324,0.129319,5,预测,0.008008
2021-2025,T07,储层 / 地震 / 模拟 / 裂缝,0.129324,0.129319,6,准确率,0.006516
2021-2025,T07,储层 / 地震 / 模拟 / 裂缝,0.129324,0.129319,7,网络,0.006056
2021-2025,T07,储层 / 地震 / 模拟 / 裂缝,0.129324,0.129319,8,优化,0.004888
2021-2025,T07,储层 / 地震 / 模拟 / 裂缝,0.129324,0.129319,9,算法,0.004021
2021-2025,T08,热解 / 产品 / 收率 / 生物质,0.087625,0.092266,1,热解,0.014232
2021-2025,T08,热解 / 产品 / 收率 / 生物质,0.087625,0.092266,2,产品,0.013355
2021-2025,T08,热解 / 产品 / 收率 / 生物质,0.087625,0.092266,3,收率,0.010251
2021-2025,T08,热解 / 产品 / 收率 / 生物质,0.087625,0.092266,4,生物质,0.008163
2021-2025,T08,热解 / 产品 / 收率 / 生物质,0.087625,0.092266,5,二氧化碳,0.008011
2021-2025,T08,热解 / 产品 / 收率 / 生物质,0.087625,0.092266,6,化学,0.007503
2021-2025,T08,热解 / 产品 / 收率 / 生物质,0.087625,0.092266,7,转化,0.006531
2021-2025,T08,热解 / 产品 / 收率 / 生物质,0.087625,0.092266,8,废弃物,0.006452
2021-2025,T08,热解 / 产品 / 收率 / 生物质,0.087625,0.092266,9,化合物,0.005871
2021-2025,T08,热解 / 产品 / 收率 / 生物质,0.087625,0.092266,10,溶剂,0.005467
2021-2025,T08,热解 / 产品 / 收率 / 生物质,0.087625,0.092266,11,反应器,0.005221
2021-2025,T08,热解 / 产品 / 收率 / 生物质,0.087625,0.092266,12,木质素,0.005207
2021-2025,T09,水合物 / 二氧化碳 / 甲烷 / 储存,0.04804,0.049191,1,水合物,0.094829
2021-2025,T09,水合物 / 二氧化碳 / 甲烷 / 储存,0.04804,0.049191,2,二氧化碳,0.040482
2021-2025,T09,水合物 / 二氧化碳 / 甲烷 / 储存,0.04804,0.049191,3,甲烷,0.038229
2021-2025,T09,水合物 / 二氧化碳 / 甲烷 / 储存,0.04804,0.049191,4,储存,0.01075
2021-2025,T09,水合物 / 二氧化碳 / 甲烷 / 储存,0.04804,0.049191,5,生长,0.008261
2021-2025,T09,水合物 / 二氧化碳 / 甲烷 / 储存,0.04804,0.049191,6,分解,0.008219
2021-2025,T09,水合物 / 二氧化碳 / 甲烷 / 储存,0.04804,0.049191,7,浓度,0.007944
2021-2025,T09,水合物 / 二氧化碳 / 甲烷 / 储存,0.04804,0.049191,8,动力学,0.006821
2021-2025,T09,水合物 / 二氧化碳 / 甲烷 / 储存,0.04804,0.049191,9,沉积物,0.006604
2021-2025,T09,水合物 / 二氧化碳 / 甲烷 / 储存,0.04804,0.049191,10,蜡,0.00557
2021-2025,T09,水合物 / 二氧化碳 / 甲烷 / 储存,0.04804,0.049191,11,成核,0.005371
2021-2025,T10,二氧化碳 / 储层 / 采收率 / 注入,0.084775,0.08415,1,二氧化碳,0.034394
2021-2025,T10,二氧化碳 / 储层 / 采收率 / 注入,0.084775,0.08415,2,储层,0.02132
2021-2025,T10,二氧化碳 / 储层 / 采收率 / 注入,0.084775,0.08415,3,采收率,0.020977
2021-2025,T10,二氧化碳 / 储层 / 采收率 / 注入,0.084775,0.08415,4,注入,0.02018
2021-2025,T10,二氧化碳 / 储层 / 采收率 / 注入,0.084775,0.08415,5,驱替,0.014879
2021-2025,T10,二氧化碳 / 储层 / 采收率 / 注入,0.084775,0.08415,6,表面活性剂,0.011357
2021-2025,T10,二氧化碳 / 储层 / 采收率 / 注入,0.084775,0.08415,7,提高采收率,0.010899
2021-2025,T10,二氧化碳 / 储层 / 采收率 / 注入,0.084775,0.08415,8,储存,0.009299
2021-2025,T10,二氧化碳 / 储层 / 采收率 / 注入,0.084775,0.08415,9,泡沫,0.008511
2021-2025,T10,二氧化碳 / 储层 / 采收率 / 注入,0.084775,0.08415,10,岩心,0.007536
2021-2025,T11,催化剂 / 催化 / 活性 / 二氧化碳,0.125833,0.11906,1,催化剂,0.041618
2021-2025,T11,催化剂 / 催化 / 活性 / 二氧化碳,0.125833,0.11906,2,催化,0.01367
2021-2025,T11,催化剂 / 催化 / 活性 / 二氧化碳,0.125833,0.11906,3,活性,0.01183
2021-2025,T11,催化剂 / 催化 / 活性 / 二氧化碳,0.125833,0.11906,4,二氧化碳,0.011512
2021-2025,T11,催化剂 / 催化 / 活性 / 二氧化碳,0.125833,0.11906,5,位点,0.010135
2021-2025,T11,催化剂 / 催化 / 活性 / 二氧化碳,0.125833,0.11906,6,金属,0.010012
2021-2025,T11,催化剂 / 催化 / 活性 / 二氧化碳,0.125833,0.11906,7,选择性,0.00897
2021-2025,T11,催化剂 / 催化 / 活性 / 二氧化碳,0.125833,0.11906,8,转化,0.008306
2021-2025,T11,催化剂 / 催化 / 活性 / 二氧化碳,0.125833,0.11906,9,构造,0.006964
2021-2025,T11,催化剂 / 催化 / 活性 / 二氧化碳,0.125833,0.11906,10,稳定性,0.005656
2021-2025,T11,催化剂 / 催化 / 活性 / 二氧化碳,0.125833,0.11906,11,吸附,0.005233
2021-2025,T11,催化剂 / 催化 / 活性 / 二氧化碳,0.125833,0.11906,12,电子,0.005225
